pheleanorphil,6220dacd-98ba-3371-873c-baac80c0b989
naxxi,1c83476a-0bc8-3fa8-930a-51e41dba585d
grayfoox,447a2daa-8279-3bc2-91f9-722344c2cb54
krysiautismus,e76fdb64-ec16-34b1-a93b-680c213f0fc1
enemis,5ee32200-5739-38b8-b606-b3758a8fe17b
jony008,83b972fe-3c1c-30be-ade3-0ad814866742
niko,c06e2070-4d0f-301d-b8c9-06860541c3cb
jiji,023f95d9-8851-314a-aaa4-30aa2413e02f
sethrak,53e2aac2-be0a-327c-90b4-0f85886d2a47
abystoma,3593fcb8-68ee-314e-85e0-e784a077ca59
spiikekiller,b774a8a5-2a6b-321b-9d12-2a12559ca8c4
watros,e7b0f780-52d5-347d-8c98-1bbd39b3263f
feykro,2e8add62-d997-37f6-95f4-3a2e1cd15677
smilercze,5e08b14e-fba4-3956-92f0-eb95c5286908
doggy,c28ccb0e-b019-3d7f-8773-8a5d1a54f65f
monsterdoctor,d450e753-3770-3cd1-959c-4591b7ced8da
epickyminecrafak,c55af767-e22a-3513-b818-3eaec310076d
salty4daddy,f227ae27-1882-3af0-b5a4-edaf9e6c18f0
